1,一个
2,没有
3,可以
4,中国
5,进行
6,自己
7,已经
8,时间
9,可能
10,我们
11,就是
12,工作
13,公司
14,如果
15,问题
16,他们
17,因为
18,同时
19,目前
20,第一
21,开始
22,这样
23,一些
24,这个
25,认为
26,的人
27,成为
28,现在
29,这些
30,通过
31,记者
32,不是
33,发展
34,情况
35,主要
36,方面
37,以及
38,什么
39,需要
40,国家
41,表示
42,重要
43,相关
44,还是
45,由于
46,到了
47,也是
48,不能
49,其中
50,这种
51,市场
52,个人
53,部分
54,这一
55,作为
56,出现
57,对于
58,所以
59,一次
60,但是
61,一种
62,都是
63,要求
64,这是
65,因此
66,影响
67,北京
68,能力
69,为了
70,其他
71,有的
72,一定
73,研究
74,还有
75,世界
76,包括
77,今年
78,提供
79,而且
80,时候
81,非常
82,发现
83,有关
84,很多
85,第二
86,在这
87,技术
88,甚至
89,虽然
90,并不
91,关系
92,了解
93,不同
94,国际
95,美国
96,只有
97,应该
98,管理
99,生活
100,根据
101,社会
102,不会
103,选择
104,方式
105,成了
106,之后
107,达到
108,所有
109,出了
110,能够
111,进入
112,比较
113,人员
114,一直
115,特别
116,不过
117,经济
118,得到
119,希望
120,报道
121,企业
122,最后
123,信息
124,大学
125,结果
126,计划
127,知道
128,获得
129,内容
130,使用
131,提高
132,原因
133,必须
134,不可
135,面的
136,具有
137,发生
138,增加
139,以上
140,两个
141,中心
142,找到
143,参加
144,来说
145,一般
146,只是
147,最大
148,基本
149,一样
150,许多
151,那么
152,如何
153,任何
154,起来
155,不仅
156,看到
157,服务
158,活动
159,介绍
160,更多
161,正在
162,实际
163,下一
164,其实
165,分析
166,部门
167,接受
168,之间
169,机会
170,继续
171,成功
172,系统
173,存在
174,表现
175,不断
176,过程
177,地区
178,专家
179,之一
180,决定
181,各种
182,一步
183,完全
184,政府
185,国内
186,或者
187,经过
188,受到
189,基础
190,完成
191,目的
192,专业
193,组织
194,准备
195,去年
196,历史
197,负责
198,人们
199,直接
200,上海
201,另外
202,随着
203,全国
204,个月
205,出来
206,机构
207,除了
208,另一
209,环境
210,目标
211,消息
212,水平
213,提出
214,产品
215,地方
216,有人
217,也有
218,实现
219,教育
220,人民
221,超过
222,学生
223,一点
224,作用
225,是否
226,投资
227,一位
228,有些
229,今天
230,不要
231,如此
232,容易
233,第三
234,范围
235,无法
236,显示
237,未来
238,代表
239,大家
240,注意
241,一起
242,条件
243,才能
244,保持
245,关注
246,考虑
247,解决
248,当然
249,媒体
250,文化
251,自然
252,形成
253,带来
254,左右
255,造成
256,标准
257,拥有
258,产生
259,的话
260,怎么
261,都有
262,期间
263,一页
264,来自
265,明显
266,觉得
267,不少
268,只要
269,不到
270,有效
271,当时
272,年来
273,过去
274,以来
275,规定
276,最终
277,项目
278,段
279,面对
280,告诉
281,单位
282,因
283,一年
284,行了
285,首先
286,竞争
287,有限
288,生产
289,指出
290,相当
291,真正
292,只能
293,利用
294,以后
295,一下
296,之前
297,不得
298,行业
299,进一
300,结束
301,支持
302,按照
303,很大
304,不知
305,会有
306,人士
307,来源
308,业务
309,下来
310,程度
311,精神
312,这里
313,整个
314,科学
315,越来
316,越来越
317,几个
318,都不
319,国人
320,即
321,合作
322,积极
323,而是
324,增长
325,尤其
326,正式
327,海
328,尽管
329,方法
330,建立
331,就会
332,经验
333,安全
334,导致
335,学习
336,报告
337,控制
338,资源
339,价格
340,责任
341,一家
342,关于
343,取得
344,城市
345,大量
346,建议
347,十分
348,吗
349,进一步
350,事情
351,关键
352,规模
353,知识
354,全部
355,近
356,重点
357,大多
358,引起
359,那些
360,将在
361,调整
362,具体
363,比如
364,此外
365,然后
366,调查
367,分别
368,网页
369,网络
370,几乎
371,最好
372,文
373,得
374,阶段
375,多数
376,帮助
377,价值
378,领导
379,编辑
380,压力
381,也就
382,建设
383,举行
384,旅游
385,严重
386,综合
387,新闻
388,电话
389,同样
390,小时
391,实施
392,感觉
393,长期
394,努力
395,学校
396,出
397,成
398,七
399,每个
400,电
401,变化
402,开发
403,然而
404,情况下
405,得不
406,全球
407,喜欢
408,设计
409,一天
410,金
411,传统
412,保证
413,就不
414,事实
415,性
416,全面
417,别是
418,优势
419,心理
420,东西
421,改变
422,联合
423,来了
424,根本
425,政策
426,处理
427,针对
428,按
429,美元
430,连
431,发布
432,有利
433,销售
434,充分
435,行为
436,并且
437,多人
438,更加
439,内
440,状态
441,这次
442,经常
443,号
444,收入
445,份
446,本报
447,以下
448,每天
449,集团
450,相对
451,需求
452,往往
453,还要
454,采取
455,健康
456,现代
457,办法
458,因素
459,共同
460,朋友
461,最高
462,达
463,职业
464,于是
465,多年
466,每年
467,说明
468,过程中
469,相比
470,场上
471,我国
472,现象
473,比赛
474,文章
475,会上
476,执行
477,应
478,进行了
479,新华
480,三个
481,昨天
482,是因为
483,无论
484,当地
485,为什么
486,感到
487,要是
488,毕业
489,安排
490,日本
491,最近
492,意义
493,这么
494,即使
495,咨询
496,任
497,简单
498,就可
499,加强
500,为主
501,来看
502,正常
503,一切
504,人在
505,李
506,得了
507,保护
508,曾经
509,路
510,米
511,科技
512,此次
513,作者
514,世纪
515,普通
516,战
517,多少
518,数据
519,分钟
520,九
521,所谓
522,战略
523,明确
524,会议
525,孩子
526,采用
527,对此
528,本人
529,公布
530,参与
531,人才
532,确定
533,那
534,肯定
535,常
536,便
537,各
538,不足
539,后来
540,任务
541,经营
542,系列
543,集中
544,经历
545,过了
546,还不
547,经理
548,良好
549,观点
550,一部
551,以前
552,工程
553,仍然
554,领域
555,推出
556,相信
557,风险
558,属于
559,联系
560,日前
561,用于
562,一场
563,钱
564,功能
565,网站
566,透露
567,都会
568,处于
569,吧
570,吸引
571,年前
572,政治
573,级
574,特别是
575,双方
576,上了
577,占
578,德
579,电子
580,有所
581,消费
582,持续
583,成绩
584,质量
585,斯
586,别人
587,形式
588,有这
589,从而
590,一旦
591,方案
592,事
593,尤其是
594,正是
595,重大
596,更是
597,资料
598,减少
599,满足
600,力量
601,时代
602,巨大
603,正
604,连续
605,身体
606,稳定
607,大部
608,计算
609,办公
610,投入
611,数量
612,要有
613,生
614,这也
615,宣布
616,方向
617,似乎
618,再次
619,几年
620,类
621,结合
622,还没
623,总
624,并没
625,很难
626,有时
627,约
628,发挥
629,采访
630,行动
631,必要
632,资金
633,效果
634,先生
635,一条
636,杨
637,丰富
638,搜索
639,学院
640,就有
641,统计
642,度
643,年轻
644,坚持
645,一方
646,创造
647,家庭
648,不好
649,处
650,有限公司
651,论坛
652,两年
653,原来
654,重新
655,制度
656,值得
657,特点
658,世
659,2000
660,一段
661,非
662,定要
663,本
664,在上
665,强调
666,仅仅
667,时期
668,轮
669,件
670,就在
671,电视
672,认识
673,表明
674,起了
675,难以
676,意识
677,一份
678,去了
679,并没有
680,不了
681,地位
682,清楚
683,代
684,每
685,大部分
686,也许
687,位置
688,空间
689,面临
690,意见
691,型
692,训练
693,中有
694,都在
695,迅速
696,实际上
697,以为
698,状况
699,万元
700,能在
701,令人
702,军事
703,法律
704,很好
705,重视
706,成本
707,可是
708,运动
709,制造
710,大多数
711,程
712,一名
713,组成
714,结构
715,避免
716,理解
717,终于
718,合理
719,林
720,证明
721,逐渐
722,经
723,责人
724,态度
725,负责人
726,平均
727,批
728,考试
729,期
730,预计
731,在于
732,缺乏
733,尔
734,高级
735,总是
736,思想
737,符合
738,易
739,首次
740,著名
741,区
742,一项
743,发
744,整体
745,不知道
746,现实
747,股
748,句
749,等等
750,降低
751,范围内
752,体育
753,而在
754,自身
755,一大
756,第一次
757,就可以
758,主任
759,意味
760,这就
761,费用
762,困难
763,实力
764,年代
765,提升
766,产业
767,近日
768,作战
769,变成
770,交易
771,不一
772,一个人
773,间
774,琳
775,比例
776,英国
777,无
778,对手
779,委员
780,改革
781,措施
782,速度
783,习惯
784,掌握
785,下午
786,不错
787,愿意
788,真的
789,马
790,及其
791,利益
792,中央
793,指导
794,动力
795,省
796,之外
797,操作
798,做出
799,刘
800,先
801,事业
802,强
803,突破
804,在此
805,美
806,生在
807,开了
808,陈
809,确实
810,专门
811,公开
812,绝对
813,那样
814,特殊
815,现出
816,并不是
817,解释
818,那个
819,部队
820,下降
821,它们
822,较大
823,国外
824,且
825,适应
826,商业
827,扩大
828,参考
829,零
830,欧洲
831,也没有
832,低
833,打
834,培养
835,是什么
836,主义
837,体现
838,主动
839,都要
840,先进
841,统一
842,独立
843,跟
844,创新
845,交流
846,制定
847,有着
848,开展
849,想到
850,苏
851,兴趣
852,长
853,从事
854,原则
855,遇到
856,实在
857,全
858,及时
859,中国人
860,入了
861,很快
862,突然
863,具备
864,日报
865,适合
866,走
867,至于
868,同
869,生了
870,事件
871,就要
872,成立
873,角度
874,单
875,除
876,某
877,如今
878,手段
879,内部
880,倍
881,队
882,反应
883,国
884,特
885,使得
886,依然
887,重
888,请
889,老师
890,高度
891,均
892,开放
893,医院
894,快速
895,指
896,不可能
897,现场
898,设备
899,网上
900,真实
901,太
902,交通
903,购买
904,山
905,身上
906,行
907,据悉
908,模式
909,还可
910,享受
911,展开
912,一方面
913,提醒
914,没
915,说是
916,工业
917,背景
918,不久
919,少
920,下了
921,本身
922,刚刚
923,将会
924,第四
925,众多
926,即将
927,应用
928,看来
929,战斗
930,完
931,召开
932,读者
933,民族
934,自由
935,也要
936,保障
937,武器
938,严格
939,仅
940,数字
941,挑战
942,上升
943,十年
944,科
945,来到
946,优秀
947,近年
948,上述
949,块
950,办公室
951,怎样
952,作
953,利润
954,生命
955,意味着
956,教授
957,紧张
958,之中
959,推荐
960,不多
961,发表
962,克
963,证券
964,据了解
965,突出
966,国防
967,阅读
968,距离
969,航空
970,但在
971,做好
972,规划
973,许
974,检查
975,上市
976,培训
977,搜狗
978,多种
979,片
980,离开
981,各地
982,门
983,飞机
984,战争
985,留下
986,通常
987,所在
988,促进
989,台
990,理想
991,sogou
992,银行
993,核心
994,实行
995,自我
996,亿元
997,这位
998,万人
999,员工
1000,用户
1001,股份
1002,大型
1003,都没
1004,体系
1005,装备
1006,直到
1007,人生
1008,很有
1009,最新
1010,复杂
1011,做了
1012,式
1013,涉及
1014,素质
1015,报
1016,用了
1017,手
1018,准确
1019,平时
1020,趋势
1021,多次
1022,支
1023,人数
1024,学
1025,刚
1026,当年
1027,大幅
1028,正确
1029,声明
1030,成熟
1031,套
1032,得很
1033,对方
1034,委员会
1035,二十
1036,董事
1037,回到
1038,天下
1039,老
1040,宣传
1041,电脑
1042,放弃
1043,行政
1044,多了
1045,位于
1046,现有
1047,称为
1048,其它
1049,原
1050,客户
1051,香港
1052,吃
1053,拉
1054,军
1055,做到
1056,同意
1057,招聘
1058,女性
1059,看看
1060,显然
1061,半年
1062,月份
1063,通
1064,学家
1065,规范
1066,治疗
1067,指挥
1068,在他
1069,增强
1070,那里
1071,平台
1072,感受
1073,艺术
1074,语言
1075,德国
1076,此
1077,游客
1078,资格
1079,讲
1080,形象
1081,可能是
1082,品牌
1083,此前
1084,人物
1085,沟通
1086,推动
1087,认真
1088,何
1089,网
1090,昨日
1091,五一
1092,追求
1093,卫生
1094,回
1095,届
1096,恢复
1097,不用
1098,利于
1099,头
1100,打击
1101,公里
1102,寻找
1103,有点
1104,欢迎
1105,同学
1106,1000
1107,给我
1108,显得
1109,接触
1110,一批
1111,对象
1112,理论
1113,完整
1114,考生
1115,成员
1116,基地
1117,年度
1118,近期
1119,攻击
1120,手机
1121,史上
1122,业绩
1123,材料
1124,回答
1125,成长
1126,本次
1127,很多人
1128,谁
1129,35
1130,不如
1131,罗
1132,信心
1133,通知
1134,广告
1135,年中
1136,年底
1137,开
1138,啊
1139,知情
1140,伍
1141,胜利
1142,里面
1143,表达
1144,近年来
1145,搜狐
1146,特色
1147,爱
1148,申请
1149,是不是
1150,讨论
1151,年龄
1152,叫
1153,字
1154,意思
1155,黄金
1156,还会
1157,阿
1158,财产
1159,威胁
1160,水
1161,强大
1162,劳动
1163,反对
1164,中华
1165,加
1166,问
1167,评价
1168,候
1169,这时
1170,免费
1171,平
1172,附近
1173,情绪
1174,新华网
1175,身份
1176,女
1177,疾病
1178,英语
1179,常常
1180,世界上
1181,法国
1182,亚洲
1183,满意
1184,高校
1185,青年
1186,理由
1187,协议
1188,软件
1189,随后
1190,立即
1191,华
1192,国有
1193,台湾
1194,进
1195,在这里
1196,概念
1197,投资者
1198,球队
1199,观
1200,最佳